{"start_price":23443.21,"orders":[],"profits":0,"btc_balance":0.00715728,"usdt_balance":89.13465558,"initial_btc_balance":0.00715728,"initial_usdt_balance":89.13465558,"percent":"-0.110"}