{"start_time":1660756031202,"start_price":41.4,"orders":[],"profits":0,"fees":0,"sol_balance":0.0337716,"usdt_balance":12.87295558,"initial_sol_balance":0.0337716,"initial_usdt_balance":12.87295558,"percent":"-0.120"}